id,dataset,category,code,question,answer,prediction,accuracy,completeness,clarity,relevance
q241,codeqa,unknown,def insert missed blocks store missed []for row in store selectall '\n SELEC Tb block id\n FRO Mblockb\n LEFTJOI Nchain candidatecc ON b block id cc block id \n WHER Echain id ISNULL\n ORDERB Yb block height\n' missed append row[ 0 ] if not missed returnstore log info ' Attemptingtorepair%dmissedblocks ' len missed inserted 0for block id in missed store sql '\n INSERTINT Ochain candidate \nchain id block id block height in longest \n SELEC Tcc chain id b block id b block height 0\n FRO Mchain candidatecc\n JOI Nblockprev ON cc block id prev block id \n JOI Nblockb ON b prev block id prev block id \n WHER Eb block id ?' block id inserted + store rowcount store commit store log info ' Inserted%drowsintochain candidate ' inserted,Why does the code rescanning nt work always ?,due to timeouts and resource constraints,"--- Example 1 ---
Code:
def get_name ( self ) : return self. _name
Question: What does the code return?
Answer: the name
--- Example 2 ---
Code:
def is_empty ( self ) : return len ( self. items ) == 0
Question: Does the code check if the list is empty?
Answer: Yes
--- Example 3 ---
Code:
def sort_list ( items ) : return sorted ( items, reverse = True )
Question: How does the code sort the items?
Answer: in descending order
--- End of Examples ---

Now answer the following question in the same style",1,1,1,1
q242,codeqa,unknown,def validate feature module mode 'show' feature module params['feature']feature to be mapped {'show' {'nvoverlay' 'nve' 'vn-segment-vlan-based' 'vnseg vlan' 'hsrp' 'hsrp engine' 'fabricmulticast' 'fabric mcast' 'scp-server' 'scp Server' 'sftp-server' 'sftp Server' 'slaresponder' 'sla responder' 'slasender' 'sla sender' 'ssh' 'ssh Server' 'tacacs+' 'tacacs' 'telnet' 'telnet Server' 'ethernet-link-oam' 'elo' 'port-security' 'eth port sec'} 'config' {'nve' 'nvoverlay' 'vnseg vlan' 'vn-segment-vlan-based' 'hsrp engine' 'hsrp' 'fabric mcast' 'fabricmulticast' 'scp Server' 'scp-server' 'sftp Server' 'sftp-server' 'sla sender' 'slasender' 'sla responder' 'slaresponder' 'ssh Server' 'ssh' 'tacacs' 'tacacs+' 'telnet Server' 'telnet' 'elo' 'ethernet-link-oam' 'eth port sec' 'port-security'}}if feature in feature to be mapped[mode] feature feature to be mapped[mode][feature]return feature,Why be some features mapped ?,"due to inconsistency between how they appear from "" show feature "" output and how they are configured","--- Example 1 ---
Code:
def get_name ( self ) : return self. _name
Question: What does the code return?
Answer: the name
--- Example 2 ---
Code:
def is_empty ( self ) : return len ( self. items ) == 0
Question: Does the code check if the list is empty?
Answer: Yes
--- Example 3 ---
Code:
def sort_list ( items ) : return sorted ( items, reverse = True )
Question: How does the code sort the items?
Answer: in descending order
--- End of Examples ---

Now answer the following question in the same style",1,1,1,1
q246,codeqa,unknown,def retry on port collision reason add cleanup reason trap Address In Use ip port reason value addressused by find process name port ADDRESS IN USE ip ip port port name used by write d cleanup d add Callback lambda ignored add return d,Why do it fail to start ?,because of a port collision,"You are an expert software engineer with deep experience in source code comprehension, code review, and software documentation across multiple programming languages including Python and Java.
You will be given a code snippet and a natural language question about that code.

Your task:
- Read the code carefully before answering.
- Answer the question directly and concisely based solely on what the code does.
- Match the style and length of the examples provided — a short phrase or single sentence is expected.
- For Yes/No questions, answer with Yes or No followed by a brief reason only if necessary.

IMPORTANT: Study the examples carefully before answering.
IMPORTANT: The examples define",1,1,1,1
q247,codeqa,unknown,def memoized with request request func request index 0 def wrapper func memoized func memoized func @functools wraps func def wrapped *args **kwargs args list args request args pop request index args insert request index request func request return memoized func *args **kwargs return wrappedreturn wrapper,Why are memoized functions with a request argument memoized only during the rendering of a single view ?,because the request argument is a new request instance on each view,"You are an expert software engineer with deep experience in source code comprehension, code review, and software documentation across multiple programming languages including Python and Java.
You will be given a code snippet and a natural language question about that code.

Your task:
- Read the code carefully before answering.
- Answer the question directly and concisely based solely on what the code does.
- Match the style and length of the examples provided — a short phrase or single sentence is expected.
- For Yes/No questions, answer with Yes or No followed by a brief reason only if necessary.

IMPORTANT: Study the examples carefully before answering.
IMPORTANT: The examples define",1,1,1,1
q249,codeqa,unknown,@pytest mark skipif str u'not HAS SCIPY' def test distances scipy from cosmology import WMAP 5 d 4 Distance z 0 23 npt assert allclose d4 z 0 23 rtol 1e- 08 d5 Distance z 0 23 cosmology WMAP 5 npt assert allclose d5 compute z WMAP 5 0 23 rtol 1e- 08 d6 Distance z 0 23 cosmology WMAP 5 unit u km npt assert allclose d6 value 3 5417046898762366 e+ 22,Why do the distance - related tests require scipy ?,due to the cosmology module needing scipy integration routines,"You are an expert software engineer with deep experience in source code comprehension, code review, and software documentation across multiple programming languages including Python and Java.
You will be given a code snippet and a natural language question about that code.

Your task:
- Read the code carefully before answering.
- Answer the question directly and concisely based solely on what the code does.
- Match the style and length of the examples provided — a short phrase or single sentence is expected.
- For Yes/No questions, answer with Yes or No followed by a brief reason only if necessary.

IMPORTANT: Study the examples carefully before answering.
IMPORTANT: The examples define",5,5,5,5
q250,codeqa,unknown,def request wants json request best request accept mimetypes best match ['application/json' 'text/html'] return best 'application/json' and request accept mimetypes[best] > request accept mimetypes['text/html'],Why do we accept json only only ?,because text / html is preferred to support browsers that accept on * / *,"You are an expert software engineer with deep experience in source code comprehension, code review, and software documentation across multiple programming languages including Python and Java.
You will be given a code snippet and a natural language question about that code.

Your task:
- Read the code carefully before answering.
- Answer the question directly and concisely based solely on what the code does.
- Match the style and length of the examples provided — a short phrase or single sentence is expected.
- For Yes/No questions, answer with Yes or No followed by a brief reason only if necessary.

IMPORTANT: Study the examples carefully before answering.
IMPORTANT: The examples define",1,1,1,1
q252,codeqa,unknown,def fk 4 B matrix obstime T obstime jyear - 1950 0 / 100 0 if getattr T u'shape' T shape + 1 1 return B1950 TO J2000 M + FK 4 CORR * T,Why is this a correction term in the fk4 transformations ?,because fk4 is a rotating system - see murray 89 eqn 29,"You are an expert software engineer with deep experience in source code comprehension, code review, and software documentation across multiple programming languages including Python and Java.
You will be given a code snippet and a natural language question about that code.

Your task:
- Read the code carefully before answering.
- Answer the question directly and concisely based solely on what the code does.
- Match the style and length of the examples provided — a short phrase or single sentence is expected.
- For Yes/No questions, answer with Yes or No followed by a brief reason only if necessary.

IMPORTANT: Study the examples carefully before answering.
IMPORTANT: The examples define",1,1,1,1
q253,codeqa,unknown,def get dut 1 utc time try return time delta ut 1 utcexcept iers IERS Range Error as e warn iers e return np zeros time shape,Why is this function used to get ut1-utc in coordinates ?,because normally it gives an error outside the iers range,"You are an expert software engineer with deep experience in source code comprehension, code review, and software documentation across multiple programming languages including Python and Java.
You will be given a code snippet and a natural language question about that code.

Your task:
- Read the code carefully before answering.
- Answer the question directly and concisely based solely on what the code does.
- Match the style and length of the examples provided — a short phrase or single sentence is expected.
- For Yes/No questions, answer with Yes or No followed by a brief reason only if necessary.

IMPORTANT: Study the examples carefully before answering.
IMPORTANT: The examples define",1,1,1,1
q255,codeqa,unknown,def module not found additional depth 0 tb sys exc info [2 ]if len traceback extract tb tb > 1 + additional depth return Falsereturn True,Why was importerror raised ?,because module does not exist or something inside it raised importerror,"You are an expert software engineer with deep experience in source code comprehension, code review, and software documentation across multiple programming languages including Python and Java.
You will be given a code snippet and a natural language question about that code.

Your task:
- Read the code carefully before answering.
- Answer the question directly and concisely based solely on what the code does.
- Match the style and length of the examples provided — a short phrase or single sentence is expected.
- For Yes/No questions, answer with Yes or No followed by a brief reason only if necessary.

IMPORTANT: Study the examples carefully before answering.
IMPORTANT: The examples define",1,1,1,1
q256,codeqa,unknown,def define nrt unresolved abort ctx module fnty ctx call conv get function type types none fn ir Function module fnty name 'nrt unresolved abort' bb fn append basic block builder ir IR Builder bb msg 'numbajittedfunctionabortedduetounresolvedsymbol'ctx call conv return user exc builder Runtime Error msg return fn,Why does an abort function define ?,due to unresolved symbol,"You are an expert software engineer with deep experience in source code comprehension, code review, and software documentation across multiple programming languages including Python and Java.
You will be given a code snippet and a natural language question about that code.

Your task:
- Read the code carefully before answering.
- Answer the question directly and concisely based solely on what the code does.
- Match the style and length of the examples provided — a short phrase or single sentence is expected.
- For Yes/No questions, answer with Yes or No followed by a brief reason only if necessary.

IMPORTANT: Study the examples carefully before answering.
IMPORTANT: The examples define",1,1,1,1
q263,codeqa,unknown,def ignore deprecation warnings target if target class name not in 'instancemethod' 'function' for attr in dir target if not attr startswith 'test' continueattr value getattr target attr if not hasattr attr value ' call ' continuesetattr target attr ignore deprecation warnings attr value return targetelse @wraps target def wrapped *args **kwargs with warnings catch warnings warnings filterwarnings 'ignore' category Deprecation Warning return target *args **kwargs return wrapped,Why is this useful ?,as the test runner can be set to raise an exception on a deprecation warning,"You are an expert software engineer with deep experience in source code comprehension, code review, and software documentation across multiple programming languages including Python and Java.
You will be given a code snippet and a natural language question about that code.

Your task:
- Read the code carefully before answering.
- Answer the question directly and concisely based solely on what the code does.
- Match the style and length of the examples provided — a short phrase or single sentence is expected.
- For Yes/No questions, answer with Yes or No followed by a brief reason only if necessary.

IMPORTANT: Study the examples carefully before answering.
IMPORTANT: The examples define",1,1,1,1
q266,codeqa,unknown,def get file info ctx retval []request ctx transport reqheaders request get All Headers content type headers get 'content-type' None if content type is None return retvalimg cgi Field Storage fp request content headers ctx in header doc environ {'REQUEST METHOD' request method 'CONTENT TYPE' content type} try keys img keys except Type Error return retvalfor k in keys field img[k]file type field typefile name field disposition options get 'filename' None if file name is not None retval append File Info k file name file type [mmap field file fileno 0 ] return retval,Why do this hack need ?,because twisted does nt offer a way to get file name from content - disposition header,"--- Example 1 ---
Code:
def get_name ( self ) : return self. _name
Question: What does the code return?
Answer: the name
--- Example 2 ---
Code:
def is_empty ( self ) : return len ( self. items ) == 0
Question: Does the code check if the list is empty?
Answer: Yes
--- Example 3 ---
Code:
def sort_list ( items ) : return sorted ( items, reverse = True )
Question: How does the code sort the items?
Answer: in descending order
--- End of Examples ---

Now answer the following question in the same style",1,1,1,1
q267,codeqa,unknown,def validate resampler func method args kwargs if len args + len kwargs > 0 if method in RESAMPLER NUMPY OPS raise Unsupported Function Call 'numpyoperationsarenotvalidwithresample Use resample {func} instead' format func method else raise Type Error 'toomanyargumentspassedin',Why be args and kwargs be empty ?,because all of their necessary parameters are explicitly listed in the function signature,"--- Example 1 ---
Code:
def get_name ( self ) : return self. _name
Question: What does the code return?
Answer: the name
--- Example 2 ---
Code:
def is_empty ( self ) : return len ( self. items ) == 0
Question: Does the code check if the list is empty?
Answer: Yes
--- Example 3 ---
Code:
def sort_list ( items ) : return sorted ( items, reverse = True )
Question: How does the code sort the items?
Answer: in descending order
--- End of Examples ---

Now answer the following question in the same style",1,1,1,1
q268,codeqa,unknown,def pack py Object return bz 2 compress json dumps py Object,Why do a py object zip using json rather than pickle ?,due to c * mailing list suggestions : - json is multi - language friendly,"--- Example 1 ---
Code:
def get_name ( self ) : return self. _name
Question: What does the code return?
Answer: the name
--- Example 2 ---
Code:
def is_empty ( self ) : return len ( self. items ) == 0
Question: Does the code check if the list is empty?
Answer: Yes
--- Example 3 ---
Code:
def sort_list ( items ) : return sorted ( items, reverse = True )
Question: How does the code sort the items?
Answer: in descending order
--- End of Examples ---

Now answer the following question in the same style",1,1,1,1
q269,codeqa,unknown,def find first level groups string enclosing blank sep None groups find first level groups span string enclosing if blank sep for start end in groups string str replace string start blank sep string str replace string end - 1 blank sep return split on groups string groups,Why could groups be split ?,because of explicit grouping,"You are an expert software engineer with deep experience in source code comprehension, code review, and software documentation across multiple programming languages including Python and Java.
You will be given a code snippet and a natural language question about that code.

Your task:
- Read the code carefully before answering.
- Answer the question directly and concisely based solely on what the code does.
- Match the style and length of the examples provided — a short phrase or single sentence is expected.
- For Yes/No questions, answer with Yes or No followed by a brief reason only if necessary.

IMPORTANT: Study the examples carefully before answering.
IMPORTANT: The examples define",1,1,1,1
q275,codeqa,unknown,def test with mixed stack def a with xxx as abc f def f for z in pass 1 / 0 class xxx object def enter *args passdef exit *args passtry a except assert traceback [ Line 496 + 19 30 'test traceback py' 'test with mixed stack' Line 496 + 6 3 'test traceback py' 'a' Line 496 + 12 3 'test traceback py' 'f' ],Why has a stack which is mixed w/ interpreted and non - interpreted frames tests ?,because f ( ) has a loop in it,"You are an expert software engineer with deep experience in source code comprehension, code review, and software documentation across multiple programming languages including Python and Java.
You will be given a code snippet and a natural language question about that code.

Your task:
- Read the code carefully before answering.
- Answer the question directly and concisely based solely on what the code does.
- Match the style and length of the examples provided — a short phrase or single sentence is expected.
- For Yes/No questions, answer with Yes or No followed by a brief reason only if necessary.

IMPORTANT: Study the examples carefully before answering.
IMPORTANT: The examples define",1,1,1,1
q284,codeqa,unknown,@receiver product viewed def receive product view sender product user request response **kwargs return history update product request response,Why does receiver to handle viewing single product pages require the request and response objects ?,due to dependence on cookies,"You are an expert software engineer with deep experience in source code comprehension, code review, and software documentation across multiple programming languages including Python and Java.
You will be given a code snippet and a natural language question about that code.

Your task:
- Read the code carefully before answering.
- Answer the question directly and concisely based solely on what the code does.
- Match the style and length of the examples provided — a short phrase or single sentence is expected.
- For Yes/No questions, answer with Yes or No followed by a brief reason only if necessary.

IMPORTANT: Study the examples carefully before answering.
IMPORTANT: The examples define",1,1,1,1
q287,codeqa,unknown,def is pid cmdline correct pid match try with open '/proc/%d/cmdline' % pid as f cmdline f read return match in cmdline except Environment Error return False,Why seems sane seems ?,because pids are recycled,"You are an expert software engineer with deep experience in source code comprehension, code review, and software documentation across multiple programming languages including Python and Java.
You will be given a code snippet and a natural language question about that code.

Your task:
- Read the code carefully before answering.
- Answer the question directly and concisely based solely on what the code does.
- Match the style and length of the examples provided — a short phrase or single sentence is expected.
- For Yes/No questions, answer with Yes or No followed by a brief reason only if necessary.

IMPORTANT: Study the examples carefully before answering.
IMPORTANT: The examples define",1,1,1,1
q289,codeqa,unknown,def is buggy ua agent return ' Humbug Desktop/' in agent or ' Zulip Desktop/' in agent or ' Zulip Desktop/' in agent and ' Mac' not in agent,Why do css serve to clients based on user agent ?,due to qtbug-3467,"You are an expert software engineer with deep experience in source code comprehension, code review, and software documentation across multiple programming languages including Python and Java.
You will be given a code snippet and a natural language question about that code.

Your task:
- Read the code carefully before answering.
- Answer the question directly and concisely based solely on what the code does.
- Match the style and length of the examples provided — a short phrase or single sentence is expected.
- For Yes/No questions, answer with Yes or No followed by a brief reason only if necessary.

IMPORTANT: Study the examples carefully before answering.
IMPORTANT: The examples define",1,1,1,1
q290,codeqa,unknown,def find id 3 v 1 fileobj extra read 'APETAGEX' index 'TAG' try fileobj seek -128 - extra read 2 except IO Error as e if e errno errno EINVAL fileobj seek 0 0 else raisedata fileobj read 128 + extra read try idx data index 'TAG' except Value Error return None 0 else try ape idx data index 'APETAGEX' except Value Error passelse if idx ape idx + extra read return None 0 tag Parse ID 3 v 1 data[idx ] if tag is None return None 0 offset idx - len data return tag offset,Why does a tuple of or offset return ?,mainly because we used to write too short tags in some cases and we need the offset to delete them,"You are an expert software engineer with deep experience in source code comprehension, code review, and software documentation across multiple programming languages including Python and Java.
You will be given a code snippet and a natural language question about that code.

Your task:
- Read the code carefully before answering.
- Answer the question directly and concisely based solely on what the code does.
- Match the style and length of the examples provided — a short phrase or single sentence is expected.
- For Yes/No questions, answer with Yes or No followed by a brief reason only if necessary.

IMPORTANT: Study the examples carefully before answering.
IMPORTANT: The examples define",1,1,1,1
q292,codeqa,unknown,"def test read twoline wrong marker table '\n Col 1 Col 2 \n aaaaaa aaaaaaaaaa \n 1 2 ""hello"" \n 2 4 \'sworlds \n'with pytest raises Inconsistent Table Error as excinfo dat ascii read table Reader ascii Fixed Width Two Line delimiter ' ' guess False assert ' Charactersinpositionlinemustbepart' in str excinfo value",Why be test failure be part an allowed set when position line uses characters prone to ambiguity characters in position line ?,because normal letters or numbers will lead to ambiguous tables,"You are an expert software engineer with deep experience in source code comprehension, code review, and software documentation across multiple programming languages including Python and Java.
You will be given a code snippet and a natural language question about that code.

Your task:
- Read the code carefully before answering.
- Answer the question directly and concisely based solely on what the code does.
- Match the style and length of the examples provided — a short phrase or single sentence is expected.
- For Yes/No questions, answer with Yes or No followed by a brief reason only if necessary.

IMPORTANT: Study the examples carefully before answering.
IMPORTANT: The examples define",1,1,1,1
q294,codeqa,unknown,@ignore warnings category Deprecation Warning def check positive definite covars covariance type rng np random Random State 1 X rng randn 100 2 X[ -10 ] + 3 3 gmm mixture GMM 2 params 'wc' covariance type covariance type min covar 0 001 gmm fit X if covariance type 'diag' or covariance type 'spherical' assert greater gmm covars min 0 else if covariance type 'tied' covs [gmm covars ]else covs gmm covars for c in covs assert greater np linalg det c 0,Why do covariance matrices not become non positive definite ?,due to the accumulation of round - off errors,"You are an expert software engineer with deep experience in source code comprehension, code review, and software documentation across multiple programming languages including Python and Java.
You will be given a code snippet and a natural language question about that code.

Your task:
- Read the code carefully before answering.
- Answer the question directly and concisely based solely on what the code does.
- Match the style and length of the examples provided — a short phrase or single sentence is expected.
- For Yes/No questions, answer with Yes or No followed by a brief reason only if necessary.

IMPORTANT: Study the examples carefully before answering.
IMPORTANT: The examples define",1,1,1,1
q298,codeqa,unknown,def test exit on collection with maxfail bigger than n errors testdir testdir makepyfile **COLLECTION ERROR PY FILES res testdir runpytest '--maxfail 4' assert res ret 2 res stdout fnmatch lines ['collected 2 items/ 2 errors' '*ERRO Rcollectingtest 02 import error py*' '* Nomodulenamed*asdfa*' '*ERRO Rcollectingtest 03 import error py*' '* Nomodulenamed*asdfa*'],Why does the code verify the test run aborts even if maxfail count of errors was not reached ?,due to collection errors,"You are an expert software engineer with deep experience in source code comprehension, code review, and software documentation across multiple programming languages including Python and Java.
You will be given a code snippet and a natural language question about that code.

Your task:
- Read the code carefully before answering.
- Answer the question directly and concisely based solely on what the code does.
- Match the style and length of the examples provided — a short phrase or single sentence is expected.
- For Yes/No questions, answer with Yes or No followed by a brief reason only if necessary.

IMPORTANT: Study the examples carefully before answering.
IMPORTANT: The examples define",1,1,1,1
q299,codeqa,unknown,def RATINGS BY NAME all ratings ALL RATINGS ratings choices []for rb in RATINGS BODIES values for r in rb ratings ratings choices append all ratings index r u'%s-%s' % rb name dehydrate rating r name return ratings choices,Why does the code create a list of tuples after we know the locale ?,since this attempts to concatenate two lazy translations in constants file,"You are an expert software engineer with deep experience in source code comprehension, code review, and software documentation across multiple programming languages including Python and Java.
You will be given a code snippet and a natural language question about that code.

Your task:
- Read the code carefully before answering.
- Answer the question directly and concisely based solely on what the code does.
- Match the style and length of the examples provided — a short phrase or single sentence is expected.
- For Yes/No questions, answer with Yes or No followed by a brief reason only if necessary.

IMPORTANT: Study the examples carefully before answering.
IMPORTANT: The examples define",1,1,1,1
q80,codeqa,unknown,def rcm estimate G nodelist G G subgraph nodelist order reverse cuthill mckee ordering G n len nodelist index dict zip nodelist range n x ndarray n dtype float for i u in enumerate order x[index[u]] ix - n - 1 / 2 0 return x,How does the code estimate the fiedler vector ?,using the reverse cuthill - mckee ordering,"You are an expert software engineer with deep experience in source code comprehension, code review, and software documentation across multiple programming languages including Python and Java.
You will be given a code snippet and a natural language question about that code.

Your task:
- Read the code carefully before answering.
- Answer the question directly and concisely based solely on what the code does.
- Match the style and length of the examples provided — a short phrase or single sentence is expected.
- For Yes/No questions, answer with Yes or No followed by a brief reason only if necessary.

IMPORTANT: Study the examples carefully before answering.
IMPORTANT: The examples define",1,1,1,1
q101,codeqa,unknown,def test solve polynomial cv 1a assert solve sqrt x - 1 x [1 ] assert solve sqrt x - 2 x [4 ] assert solve x ** Rational 1 4 - 2 x [16 ] assert solve x ** Rational 1 3 - 3 x [27 ] assert solve sqrt x + x ** Rational 1 3 + x ** Rational 1 4 x [0 ],How can equations be converted to a polynomial equation ?,using the change of variable y - > x**rational,"You are an expert software engineer with deep experience in source code comprehension, code review, and software documentation across multiple programming languages including Python and Java.
You will be given a code snippet and a natural language question about that code.

Your task:
- Read the code carefully before answering.
- Answer the question directly and concisely based solely on what the code does.
- Match the style and length of the examples provided — a short phrase or single sentence is expected.
- For Yes/No questions, answer with Yes or No followed by a brief reason only if necessary.

IMPORTANT: Study the examples carefully before answering.
IMPORTANT: The examples define",1,1,1,1
q103,codeqa,unknown,def conv 2 d same inputs num outputs kernel size stride rate 1 scope None if stride 1 return slim conv 2 d inputs num outputs kernel size stride 1 rate rate padding 'SAME' scope scope else kernel size effective kernel size + kernel size - 1 * rate - 1 pad total kernel size effective - 1 pad beg pad total // 2 pad end pad total - pad beg inputs tf pad inputs [[ 0 0] [pad beg pad end] [pad beg pad end] [0 0]] return slim conv 2 d inputs num outputs kernel size stride stride rate rate padding 'VALID' scope scope,How did the code stride 2-d convolution ?,with same padding,"You are an expert software engineer with deep experience in source code comprehension, code review, and software documentation across multiple programming languages including Python and Java.
You will be given a code snippet and a natural language question about that code.

Your task:
- Read the code carefully before answering.
- Answer the question directly and concisely based solely on what the code does.
- Match the style and length of the examples provided — a short phrase or single sentence is expected.
- For Yes/No questions, answer with Yes or No followed by a brief reason only if necessary.

IMPORTANT: Study the examples carefully before answering.
IMPORTANT: The examples define",1,1,1,1
q105,codeqa,unknown,def dinitz G s t capacity 'capacity' residual None value only False cutoff None R dinitz impl G s t capacity residual cutoff R graph['algorithm'] 'dinitz'return R,How does the code find a maximum single - commodity flow ?,using dinitz algorithm,"--- Example 1 ---
Code:
def get_name ( self ) : return self. _name
Question: What does the code return?
Answer: the name
--- Example 2 ---
Code:
def is_empty ( self ) : return len ( self. items ) == 0
Question: Does the code check if the list is empty?
Answer: Yes
--- Example 3 ---
Code:
def sort_list ( items ) : return sorted ( items, reverse = True )
Question: How does the code sort the items?
Answer: in descending order
--- End of Examples ---

Now answer the following question in the same style",1,1,1,1
q108,codeqa,unknown,@not implemented for 'directed' @not implemented for 'multigraph' def ra index soundarajan hopcroft G ebunch None community 'community' def predict u v Cu community G u community Cv community G v community if Cu Cv return 0cnbors nx common neighbors G u v return sum 1 / G degree w for w in cnbors if community G w community Cu return apply prediction G predict ebunch,How does the code compute the resource allocation index of all node pairs in ebunch ?,using community information,"You are an expert software engineer with deep experience in source code comprehension, code review, and software documentation across multiple programming languages including Python and Java.
You will be given a code snippet and a natural language question about that code.

Your task:
- Read the code carefully before answering.
- Answer the question directly and concisely based solely on what the code does.
- Match the style and length of the examples provided — a short phrase or single sentence is expected.
- For Yes/No questions, answer with Yes or No followed by a brief reason only if necessary.

IMPORTANT: Study the examples carefully before answering.
IMPORTANT: The examples define",1,1,1,1
q112,codeqa,unknown,def mad std data axis None return median absolute deviation data axis axis * 1 482602218505602,How does the code calculate a robust standard deviation ?,using the median absolute deviation < URL,"You are an expert software engineer with deep experience in source code comprehension, code review, and software documentation across multiple programming languages including Python and Java.
You will be given a code snippet and a natural language question about that code.

Your task:
- Read the code carefully before answering.
- Answer the question directly and concisely based solely on what the code does.
- Match the style and length of the examples provided — a short phrase or single sentence is expected.
- For Yes/No questions, answer with Yes or No followed by a brief reason only if necessary.

IMPORTANT: Study the examples carefully before answering.
IMPORTANT: The examples define",1,1,1,1
q117,codeqa,unknown,def formset initial value extractor request parameter names def intial value extractor request if not submitted return []data []for param in submitted i 0for val in request POST getlist param if len data i data append {} data[i][param] vali + 1for kwargs in data for recurrent in recurring kwargs[recurrent] request POST get recurrent initial data datareturn {'initial' initial data}return intial value extractor,How should formsets use a list of data ?,by extending some fields to every object,"You are an expert software engineer with deep experience in source code comprehension, code review, and software documentation across multiple programming languages including Python and Java.
You will be given a code snippet and a natural language question about that code.

Your task:
- Read the code carefully before answering.
- Answer the question directly and concisely based solely on what the code does.
- Match the style and length of the examples provided — a short phrase or single sentence is expected.
- For Yes/No questions, answer with Yes or No followed by a brief reason only if necessary.

IMPORTANT: Study the examples carefully before answering.
IMPORTANT: The examples define",1,1,1,1
q120,codeqa,unknown,def bootstrap import osimport imphere os path join os path dirname file imp load source name os path join here 'noname wrapped not py',How does the code import ?,in noname_wrapped,"You are an expert software engineer with deep experience in source code comprehension, code review, and software documentation across multiple programming languages including Python and Java.
You will be given a code snippet and a natural language question about that code.

Your task:
- Read the code carefully before answering.
- Answer the question directly and concisely based solely on what the code does.
- Match the style and length of the examples provided — a short phrase or single sentence is expected.
- For Yes/No questions, answer with Yes or No followed by a brief reason only if necessary.

IMPORTANT: Study the examples carefully before answering.
IMPORTANT: The examples define",1,1,1,1
q311,codeqa,unknown,def covar mstep full gmm X responsibilities weighted X sum norm min covar n features X shape[ 1 ]cv np empty gmm n components n features n features for c in range gmm n components post responsibilities[ c]mu gmm means [c]diff X - mu with np errstate under 'ignore' avg cv np dot post * diff T diff / post sum + 10 * EPS cv[c] avg cv + min covar * np eye n features return cv,For what purpose does the code perform the covariance m step ?,for full cases,"You are an expert software engineer with deep experience in source code comprehension, code review, and software documentation across multiple programming languages including Python and Java.
You will be given a code snippet and a natural language question about that code.

Your task:
- Read the code carefully before answering.
- Answer the question directly and concisely based solely on what the code does.
- Match the style and length of the examples provided — a short phrase or single sentence is expected.
- For Yes/No questions, answer with Yes or No followed by a brief reason only if necessary.

IMPORTANT: Study the examples carefully before answering.
IMPORTANT: The examples define",1,1,1,1
q335,codeqa,unknown,def implemented function symfunc implementation from sympy core function import Undefined Functionif isinstance symfunc string types symfunc Undefined Function symfunc elif not isinstance symfunc Undefined Function raise Value Error 'symfuncshouldbeeitherastringoran Undefined Functioninstance ' symfunc imp staticmethod implementation return symfunc,For what purpose does the code add numerical implementation ?,to function symfunc,"--- Example 1 ---
Code:
def get_name ( self ) : return self. _name
Question: What does the code return?
Answer: the name
--- Example 2 ---
Code:
def is_empty ( self ) : return len ( self. items ) == 0
Question: Does the code check if the list is empty?
Answer: Yes
--- Example 3 ---
Code:
def sort_list ( items ) : return sorted ( items, reverse = True )
Question: How does the code sort the items?
Answer: in descending order
--- End of Examples ---

Now answer the following question in the same style",1,1,1,1
q340,codeqa,unknown,def restore nesting d separator ' ' d copy copy d if any [ separator in k for k in d keys ] else d for k v in d copy items if separator in k top rem k split separator 1 nest d[top] if isinstance d get top dict else {} nest[rem] vd[top] restore nesting nest separator del d[k]return d,For what purpose does the code unwind a flattened dict ?,to restore nesting,"You are an expert software engineer with deep experience in source code comprehension, code review, and software documentation across multiple programming languages including Python and Java.
You will be given a code snippet and a natural language question about that code.

Your task:
- Read the code carefully before answering.
- Answer the question directly and concisely based solely on what the code does.
- Match the style and length of the examples provided — a short phrase or single sentence is expected.
- For Yes/No questions, answer with Yes or No followed by a brief reason only if necessary.

IMPORTANT: Study the examples carefully before answering.
IMPORTANT: The examples define",1,1,1,1
q347,codeqa,unknown,def truncate digest for ecdsa ec key cdata digest backend lib backend lib ffi backend ffigroup lib EC KEY get 0 group ec key cdata with backend tmp bn ctx as bn ctx order lib BN CTX get bn ctx backend openssl assert order ffi NULL res lib EC GROUP get order group order bn ctx backend openssl assert res 1 order bits lib BN num bits order return truncate digest digest order bits,For what purpose does this function truncate digests that are longer than a given elliptic curve keys length ?,so they can be signed,"You are an expert software engineer with deep experience in source code comprehension, code review, and software documentation across multiple programming languages including Python and Java.
You will be given a code snippet and a natural language question about that code.

Your task:
- Read the code carefully before answering.
- Answer the question directly and concisely based solely on what the code does.
- Match the style and length of the examples provided — a short phrase or single sentence is expected.
- For Yes/No questions, answer with Yes or No followed by a brief reason only if necessary.

IMPORTANT: Study the examples carefully before answering.
IMPORTANT: The examples define",1,1,1,1
q349,codeqa,unknown,def canonicalize cfg blocks return canonicalize cfg single backedge blocks,For what purpose does the code rewrite the given blocks ?,to canonicalize the cfg,"--- Example 1 ---
Code:
def get_name ( self ) : return self. _name
Question: What does the code return?
Answer: the name
--- Example 2 ---
Code:
def is_empty ( self ) : return len ( self. items ) == 0
Question: Does the code check if the list is empty?
Answer: Yes
--- Example 3 ---
Code:
def sort_list ( items ) : return sorted ( items, reverse = True )
Question: How does the code sort the items?
Answer: in descending order
--- End of Examples ---

Now answer the following question in the same style",1,1,1,1
q355,codeqa,unknown,def loop lift modify blocks func ir loopinfo blocks typingctx targetctx flags locals from numba dispatcher import Lifted Looploop loopinfo looploopblockkeys set loop body set loop entries set loop exits loopblocks dict k blocks[k] copy for k in loopblockkeys loop lift prepare loop func loopinfo loopblocks lifted ir func ir derive blocks loopblocks arg names tuple loopinfo inputs arg count len loopinfo inputs force non generator True liftedloop Lifted Loop lifted ir typingctx targetctx flags locals callblock loop lift modify call block liftedloop blocks[loopinfo callfrom] loopinfo inputs loopinfo outputs loopinfo returnto for k in loopblockkeys del blocks[k]blocks[loopinfo callfrom] callblockreturn liftedloop,For what purpose does the code modify the block inplace ?,to call to the lifted - loop,"You are an expert software engineer with deep experience in source code comprehension, code review, and software documentation across multiple programming languages including Python and Java.
You will be given a code snippet and a natural language question about that code.

Your task:
- Read the code carefully before answering.
- Answer the question directly and concisely based solely on what the code does.
- Match the style and length of the examples provided — a short phrase or single sentence is expected.
- For Yes/No questions, answer with Yes or No followed by a brief reason only if necessary.

IMPORTANT: Study the examples carefully before answering.
IMPORTANT: The examples define",1,1,1,1
q356,codeqa,unknown,def match css class str return re compile ' ^ *\\s %s $ \\s ' % str,For what purpose does the code build a re ?,to match the given css class,"--- Example 1 ---
Code:
def get_name ( self ) : return self. _name
Question: What does the code return?
Answer: the name
--- Example 2 ---
Code:
def is_empty ( self ) : return len ( self. items ) == 0
Question: Does the code check if the list is empty?
Answer: Yes
--- Example 3 ---
Code:
def sort_list ( items ) : return sorted ( items, reverse = True )
Question: How does the code sort the items?
Answer: in descending order
--- End of Examples ---

Now answer the following question in the same style",1,1,1,1
